consumable_model_id,manufacturer,consumable_name,consumable_type
1,삼성,Y806S,토너
2,삼성,M806S,토너
3,삼성,C806S,토너
4,삼성,K806S,토너
5,삼성,R806X,드럼
6,삼성,R806K,드럼
7,삼성,Y808S,토너
8,삼성,M808S,토너
9,삼성,C808S,토너
10,삼성,K808S,토너
11,삼성,R808X,드럼
12,삼성,R808K,드럼
13,캐논,NPG-71,토너
14,캐논,123,토너
897,삼성,Y806S,토너
898,삼성,M806S,토너
899,삼성,C806S,토너
900,삼성,K806S,토너
901,삼성,R806X,드럼
902,삼성,R806K,드럼
903,삼성,Y808S,토너
904,삼성,M808S,토너
905,삼성,C808S,토너
906,삼성,K808S,토너
907,삼성,R808X,드럼
908,삼성,R808K,드럼
909,캐논,NPG-71,토너
910,캐논,123,토너
911,삼성,Y806S,토너
912,삼성,M806S,토너
913,삼성,C806S,토너
914,삼성,K806S,토너
915,삼성,R806X,드럼
916,삼성,R806K,드럼
917,삼성,Y808S,토너
918,삼성,M808S,토너
919,삼성,C808S,토너
920,삼성,K808S,토너
921,삼성,R808X,드럼
922,삼성,R808K,드럼
923,캐논,NPG-71,토너
924,캐논,123,토너
925,삼성,Y806S,토너
926,삼성,M806S,토너
927,삼성,C806S,토너
928,삼성,K806S,토너
929,삼성,R806X,드럼
930,삼성,R806K,드럼
931,삼성,Y808S,토너
932,삼성,M808S,토너
933,삼성,C808S,토너
934,삼성,K808S,토너
935,삼성,R808X,드럼
936,삼성,R808K,드럼
937,캐논,NPG-71,토너
938,캐논,123,토너
939,삼성,Y806S,토너
940,삼성,M806S,토너
941,삼성,C806S,토너
942,삼성,K806S,토너
943,삼성,R806X,드럼
944,삼성,R806K,드럼
945,삼성,Y808S,토너
946,삼성,M808S,토너
947,삼성,C808S,토너
948,삼성,K808S,토너
949,삼성,R808X,드럼
950,삼성,R808K,드럼
951,캐논,NPG-71,토너
952,캐논,123,토너
953,삼성,Y806S,토너
954,삼성,M806S,토너
955,삼성,C806S,토너
956,삼성,K806S,토너
957,삼성,R806X,드럼
958,삼성,R806K,드럼
959,삼성,Y808S,토너
960,삼성,M808S,토너
961,삼성,C808S,토너
962,삼성,K808S,토너
963,삼성,R808X,드럼
964,삼성,R808K,드럼
965,캐논,NPG-71,토너
966,캐논,123,토너
967,삼성,Y806S,토너
968,삼성,M806S,토너
969,삼성,C806S,토너
970,삼성,K806S,토너
971,삼성,R806X,드럼
972,삼성,R806K,드럼
973,삼성,Y808S,토너
974,삼성,M808S,토너
975,삼성,C808S,토너
976,삼성,K808S,토너
977,삼성,R808X,드럼
978,삼성,R808K,드럼
979,캐논,NPG-71,토너
980,캐논,123,토너
981,삼성,Y806S,토너
982,삼성,M806S,토너
983,삼성,C806S,토너
984,삼성,K806S,토너
985,삼성,R806X,드럼
986,삼성,R806K,드럼
987,삼성,Y808S,토너
988,삼성,M808S,토너
989,삼성,C808S,토너
990,삼성,K808S,토너
991,삼성,R808X,드럼
992,삼성,R808K,드럼
993,캐논,NPG-71,토너
994,캐논,123,토너
995,삼성,Y806S,토너
996,삼성,M806S,토너
997,삼성,C806S,토너
998,삼성,K806S,토너
999,삼성,R806X,드럼
1000,삼성,R806K,드럼
1001,삼성,Y808S,토너
1002,삼성,M808S,토너
1003,삼성,C808S,토너
1004,삼성,K808S,토너
1005,삼성,R808X,드럼
1006,삼성,R808K,드럼
1007,캐논,NPG-71,토너
1008,캐논,123,토너
1009,삼성,Y806S,토너
1010,삼성,M806S,토너
1011,삼성,C806S,토너
1012,삼성,K806S,토너
1013,삼성,R806X,드럼
1014,삼성,R806K,드럼
1015,삼성,Y808S,토너
1016,삼성,M808S,토너
1017,삼성,C808S,토너
1018,삼성,K808S,토너
1019,삼성,R808X,드럼
1020,삼성,R808K,드럼
1021,캐논,NPG-71,토너
1022,캐논,123,토너
1023,삼성,Y806S,토너
1024,삼성,M806S,토너
1025,삼성,C806S,토너
1026,삼성,K806S,토너
1027,삼성,R806X,드럼
1028,삼성,R806K,드럼
1029,삼성,Y808S,토너
1030,삼성,M808S,토너
1031,삼성,C808S,토너
1032,삼성,K808S,토너
1033,삼성,R808X,드럼
1034,삼성,R808K,드럼
1035,캐논,NPG-71,토너
1036,캐논,123,토너
1037,삼성,Y806S,토너
1038,삼성,M806S,토너
1039,삼성,C806S,토너
1040,삼성,K806S,토너
1041,삼성,R806X,드럼
1042,삼성,R806K,드럼
1043,삼성,Y808S,토너
1044,삼성,M808S,토너
1045,삼성,C808S,토너
1046,삼성,K808S,토너
1047,삼성,R808X,드럼
1048,삼성,R808K,드럼
1049,캐논,NPG-71,토너
1050,캐논,123,토너
1051,삼성,Y806S,토너
1052,삼성,M806S,토너
1053,삼성,C806S,토너
1054,삼성,K806S,토너
1055,삼성,R806X,드럼
1056,삼성,R806K,드럼
1057,삼성,Y808S,토너
1058,삼성,M808S,토너
1059,삼성,C808S,토너
1060,삼성,K808S,토너
1061,삼성,R808X,드럼
1062,삼성,R808K,드럼
1063,캐논,NPG-71,토너
1064,캐논,123,토너
1065,삼성,Y806S,토너
1066,삼성,M806S,토너
1067,삼성,C806S,토너
1068,삼성,K806S,토너
1069,삼성,R806X,드럼
1070,삼성,R806K,드럼
1071,삼성,Y808S,토너
1072,삼성,M808S,토너
1073,삼성,C808S,토너
1074,삼성,K808S,토너
1075,삼성,R808X,드럼
1076,삼성,R808K,드럼
1077,캐논,NPG-71,토너
1078,캐논,123,토너
1079,삼성,Y806S,토너
1080,삼성,M806S,토너
1081,삼성,C806S,토너
1082,삼성,K806S,토너
1083,삼성,R806X,드럼
1084,삼성,R806K,드럼
1085,삼성,Y808S,토너
1086,삼성,M808S,토너
1087,삼성,C808S,토너
1088,삼성,K808S,토너
1089,삼성,R808X,드럼
1090,삼성,R808K,드럼
1091,캐논,NPG-71,토너
1092,캐논,123,토너
1093,삼성,Y806S,토너
1094,삼성,M806S,토너
1095,삼성,C806S,토너
1096,삼성,K806S,토너
1097,삼성,R806X,드럼
1098,삼성,R806K,드럼
1099,삼성,Y808S,토너
1100,삼성,M808S,토너
1101,삼성,C808S,토너
1102,삼성,K808S,토너
1103,삼성,R808X,드럼
1104,삼성,R808K,드럼
1105,캐논,NPG-71,토너
1106,캐논,123,토너
1107,삼성,Y806S,토너
1108,삼성,M806S,토너
1109,삼성,C806S,토너
1110,삼성,K806S,토너
1111,삼성,R806X,드럼
1112,삼성,R806K,드럼
1113,삼성,Y808S,토너
1114,삼성,M808S,토너
1115,삼성,C808S,토너
1116,삼성,K808S,토너
1117,삼성,R808X,드럼
1118,삼성,R808K,드럼
1119,캐논,NPG-71,토너
1120,캐논,123,토너
1121,삼성,Y806S,토너
1122,삼성,M806S,토너
1123,삼성,C806S,토너
1124,삼성,K806S,토너
1125,삼성,R806X,드럼
1126,삼성,R806K,드럼
1127,삼성,Y808S,토너
1128,삼성,M808S,토너
1129,삼성,C808S,토너
1130,삼성,K808S,토너
1131,삼성,R808X,드럼
1132,삼성,R808K,드럼
1133,캐논,NPG-71,토너
1134,캐논,123,토너
1135,삼성,Y806S,토너
1136,삼성,M806S,토너
1137,삼성,C806S,토너
1138,삼성,K806S,토너
1139,삼성,R806X,드럼
1140,삼성,R806K,드럼
1141,삼성,Y808S,토너
1142,삼성,M808S,토너
1143,삼성,C808S,토너
1144,삼성,K808S,토너
1145,삼성,R808X,드럼
1146,삼성,R808K,드럼
1147,캐논,NPG-71,토너
1148,캐논,123,토너
1149,삼성,Y806S,토너
1150,삼성,M806S,토너
1151,삼성,C806S,토너
1152,삼성,K806S,토너
1153,삼성,R806X,드럼
1154,삼성,R806K,드럼
1155,삼성,Y808S,토너
1156,삼성,M808S,토너
1157,삼성,C808S,토너
1158,삼성,K808S,토너
1159,삼성,R808X,드럼
1160,삼성,R808K,드럼
1161,캐논,NPG-71,토너
1162,캐논,123,토너
1163,삼성,Y806S,토너
1164,삼성,M806S,토너
1165,삼성,C806S,토너
1166,삼성,K806S,토너
1167,삼성,R806X,드럼
1168,삼성,R806K,드럼
1169,삼성,Y808S,토너
1170,삼성,M808S,토너
1171,삼성,C808S,토너
1172,삼성,K808S,토너
1173,삼성,R808X,드럼
1174,삼성,R808K,드럼
1175,캐논,NPG-71,토너
1176,캐논,123,토너
1177,삼성,Y806S,토너
1178,삼성,M806S,토너
1179,삼성,C806S,토너
1180,삼성,K806S,토너
1181,삼성,R806X,드럼
1182,삼성,R806K,드럼
1183,삼성,Y808S,토너
1184,삼성,M808S,토너
1185,삼성,C808S,토너
1186,삼성,K808S,토너
1187,삼성,R808X,드럼
1188,삼성,R808K,드럼
1189,캐논,NPG-71,토너
1190,캐논,123,토너
1191,삼성,Y806S,토너
1192,삼성,M806S,토너
1193,삼성,C806S,토너
1194,삼성,K806S,토너
1195,삼성,R806X,드럼
1196,삼성,R806K,드럼
1197,삼성,Y808S,토너
1198,삼성,M808S,토너
1199,삼성,C808S,토너
1200,삼성,K808S,토너
1201,삼성,R808X,드럼
1202,삼성,R808K,드럼
1203,캐논,NPG-71,토너
1204,캐논,123,토너
1205,삼성,Y806S,토너
1206,삼성,M806S,토너
1207,삼성,C806S,토너
1208,삼성,K806S,토너
1209,삼성,R806X,드럼
1210,삼성,R806K,드럼
1211,삼성,Y808S,토너
1212,삼성,M808S,토너
1213,삼성,C808S,토너
1214,삼성,K808S,토너
1215,삼성,R808X,드럼
1216,삼성,R808K,드럼
1217,캐논,NPG-71,토너
1218,캐논,123,토너
1219,삼성,Y806S,토너
1220,삼성,M806S,토너
1221,삼성,C806S,토너
1222,삼성,K806S,토너
1223,삼성,R806X,드럼
1224,삼성,R806K,드럼
1225,삼성,Y808S,토너
1226,삼성,M808S,토너
1227,삼성,C808S,토너
1228,삼성,K808S,토너
1229,삼성,R808X,드럼
1230,삼성,R808K,드럼
1231,캐논,NPG-71,토너
1232,캐논,123,토너
1233,삼성,Y806S,토너
1234,삼성,M806S,토너
1235,삼성,C806S,토너
1236,삼성,K806S,토너
1237,삼성,R806X,드럼
1238,삼성,R806K,드럼
1239,삼성,Y808S,토너
1240,삼성,M808S,토너
1241,삼성,C808S,토너
1242,삼성,K808S,토너
1243,삼성,R808X,드럼
1244,삼성,R808K,드럼
1245,캐논,NPG-71,토너
1246,캐논,123,토너
1247,삼성,Y806S,토너
1248,삼성,M806S,토너
1249,삼성,C806S,토너
1250,삼성,K806S,토너
1251,삼성,R806X,드럼
1252,삼성,R806K,드럼
1253,삼성,Y808S,토너
1254,삼성,M808S,토너
1255,삼성,C808S,토너
1256,삼성,K808S,토너
1257,삼성,R808X,드럼
1258,삼성,R808K,드럼
1259,캐논,NPG-71,토너
1260,캐논,123,토너
1261,삼성,Y806S,토너
1262,삼성,M806S,토너
1263,삼성,C806S,토너
1264,삼성,K806S,토너
1265,삼성,R806X,드럼
1266,삼성,R806K,드럼
1267,삼성,Y808S,토너
1268,삼성,M808S,토너
1269,삼성,C808S,토너
1270,삼성,K808S,토너
1271,삼성,R808X,드럼
1272,삼성,R808K,드럼
1273,캐논,NPG-71,토너
1274,캐논,123,토너
1275,삼성,Y806S,토너
1276,삼성,M806S,토너
1277,삼성,C806S,토너
1278,삼성,K806S,토너
1279,삼성,R806X,드럼
1280,삼성,R806K,드럼
1281,삼성,Y808S,토너
1282,삼성,M808S,토너
1283,삼성,C808S,토너
1284,삼성,K808S,토너
1285,삼성,R808X,드럼
1286,삼성,R808K,드럼
1287,캐논,NPG-71,토너
1288,캐논,123,토너
1289,삼성,Y806S,토너
1290,삼성,M806S,토너
1291,삼성,C806S,토너
1292,삼성,K806S,토너
1293,삼성,R806X,드럼
1294,삼성,R806K,드럼
1295,삼성,Y808S,토너
1296,삼성,M808S,토너
1297,삼성,C808S,토너
1298,삼성,K808S,토너
1299,삼성,R808X,드럼
1300,삼성,R808K,드럼
1301,캐논,NPG-71,토너
1302,캐논,123,토너
1303,삼성,Y806S,토너
1304,삼성,M806S,토너
1305,삼성,C806S,토너
1306,삼성,K806S,토너
1307,삼성,R806X,드럼
1308,삼성,R806K,드럼
1309,삼성,Y808S,토너
1310,삼성,M808S,토너
1311,삼성,C808S,토너
1312,삼성,K808S,토너
1313,삼성,R808X,드럼
1314,삼성,R808K,드럼
1315,캐논,NPG-71,토너
1316,캐논,123,토너
1317,삼성,Y806S,토너
1318,삼성,M806S,토너
1319,삼성,C806S,토너
1320,삼성,K806S,토너
1321,삼성,R806X,드럼
1322,삼성,R806K,드럼
1323,삼성,Y808S,토너
1324,삼성,M808S,토너
1325,삼성,C808S,토너
1326,삼성,K808S,토너
1327,삼성,R808X,드럼
1328,삼성,R808K,드럼
1329,캐논,NPG-71,토너
1330,캐논,123,토너
1331,삼성,Y806S,토너
1332,삼성,M806S,토너
1333,삼성,C806S,토너
1334,삼성,K806S,토너
1335,삼성,R806X,드럼
1336,삼성,R806K,드럼
1337,삼성,Y808S,토너
1338,삼성,M808S,토너
1339,삼성,C808S,토너
1340,삼성,K808S,토너
1341,삼성,R808X,드럼
1342,삼성,R808K,드럼
1343,캐논,NPG-71,토너
1344,캐논,123,토너
1345,삼성,Y806S,토너
1346,삼성,M806S,토너
1347,삼성,C806S,토너
1348,삼성,K806S,토너
1349,삼성,R806X,드럼
1350,삼성,R806K,드럼
1351,삼성,Y808S,토너
1352,삼성,M808S,토너
1353,삼성,C808S,토너
1354,삼성,K808S,토너
1355,삼성,R808X,드럼
1356,삼성,R808K,드럼
1357,캐논,NPG-71,토너
1358,캐논,123,토너
1359,삼성,Y806S,토너
1360,삼성,M806S,토너
1361,삼성,C806S,토너
1362,삼성,K806S,토너
1363,삼성,R806X,드럼
1364,삼성,R806K,드럼
1365,삼성,Y808S,토너
1366,삼성,M808S,토너
1367,삼성,C808S,토너
1368,삼성,K808S,토너
1369,삼성,R808X,드럼
1370,삼성,R808K,드럼
1371,캐논,NPG-71,토너
1372,캐논,123,토너
1373,삼성,Y806S,토너
1374,삼성,M806S,토너
1375,삼성,C806S,토너
1376,삼성,K806S,토너
1377,삼성,R806X,드럼
1378,삼성,R806K,드럼
1379,삼성,Y808S,토너
1380,삼성,M808S,토너
1381,삼성,C808S,토너
1382,삼성,K808S,토너
1383,삼성,R808X,드럼
1384,삼성,R808K,드럼
1385,캐논,NPG-71,토너
1386,캐논,123,토너
1387,삼성,Y806S,토너
1388,삼성,M806S,토너
1389,삼성,C806S,토너
1390,삼성,K806S,토너
1391,삼성,R806X,드럼
1392,삼성,R806K,드럼
1393,삼성,Y808S,토너
1394,삼성,M808S,토너
1395,삼성,C808S,토너
1396,삼성,K808S,토너
1397,삼성,R808X,드럼
1398,삼성,R808K,드럼
1399,캐논,NPG-71,토너
1400,캐논,123,토너
1401,삼성,Y806S,토너
1402,삼성,M806S,토너
1403,삼성,C806S,토너
1404,삼성,K806S,토너
1405,삼성,R806X,드럼
1406,삼성,R806K,드럼
1407,삼성,Y808S,토너
1408,삼성,M808S,토너
1409,삼성,C808S,토너
1410,삼성,K808S,토너
1411,삼성,R808X,드럼
1412,삼성,R808K,드럼
1413,캐논,NPG-71,토너
1414,캐논,123,토너
1415,삼성,Y806S,토너
1416,삼성,M806S,토너
1417,삼성,C806S,토너
1418,삼성,K806S,토너
1419,삼성,R806X,드럼
1420,삼성,R806K,드럼
1421,삼성,Y808S,토너
1422,삼성,M808S,토너
1423,삼성,C808S,토너
1424,삼성,K808S,토너
1425,삼성,R808X,드럼
1426,삼성,R808K,드럼
1427,캐논,NPG-71,토너
1428,캐논,123,토너
1429,삼성,Y806S,토너
1430,삼성,M806S,토너
1431,삼성,C806S,토너
1432,삼성,K806S,토너
1433,삼성,R806X,드럼
1434,삼성,R806K,드럼
1435,삼성,Y808S,토너
1436,삼성,M808S,토너
1437,삼성,C808S,토너
1438,삼성,K808S,토너
1439,삼성,R808X,드럼
1440,삼성,R808K,드럼
1441,캐논,NPG-71,토너
1442,캐논,123,토너
1443,삼성,Y806S,토너
1444,삼성,M806S,토너
1445,삼성,C806S,토너
1446,삼성,K806S,토너
1447,삼성,R806X,드럼
1448,삼성,R806K,드럼
1449,삼성,Y808S,토너
1450,삼성,M808S,토너
1451,삼성,C808S,토너
1452,삼성,K808S,토너
1453,삼성,R808X,드럼
1454,삼성,R808K,드럼
1455,캐논,NPG-71,토너
1456,캐논,123,토너
1457,삼성,Y806S,토너
1458,삼성,M806S,토너
1459,삼성,C806S,토너
1460,삼성,K806S,토너
1461,삼성,R806X,드럼
1462,삼성,R806K,드럼
1463,삼성,Y808S,토너
1464,삼성,M808S,토너
1465,삼성,C808S,토너
1466,삼성,K808S,토너
1467,삼성,R808X,드럼
1468,삼성,R808K,드럼
1469,캐논,NPG-71,토너
1470,캐논,123,토너
1471,삼성,Y806S,토너
1472,삼성,M806S,토너
1473,삼성,C806S,토너
1474,삼성,K806S,토너
1475,삼성,R806X,드럼
1476,삼성,R806K,드럼
1477,삼성,Y808S,토너
1478,삼성,M808S,토너
1479,삼성,C808S,토너
1480,삼성,K808S,토너
1481,삼성,R808X,드럼
1482,삼성,R808K,드럼
1483,캐논,NPG-71,토너
1484,캐논,123,토너
1485,삼성,Y806S,토너
1486,삼성,M806S,토너
1487,삼성,C806S,토너
1488,삼성,K806S,토너
1489,삼성,R806X,드럼
1490,삼성,R806K,드럼
1491,삼성,Y808S,토너
1492,삼성,M808S,토너
1493,삼성,C808S,토너
1494,삼성,K808S,토너
1495,삼성,R808X,드럼
1496,삼성,R808K,드럼
1497,캐논,NPG-71,토너
1498,캐논,123,토너
1499,삼성,Y806S,토너
1500,삼성,M806S,토너
1501,삼성,C806S,토너
1502,삼성,K806S,토너
1503,삼성,R806X,드럼
1504,삼성,R806K,드럼
1505,삼성,Y808S,토너
1506,삼성,M808S,토너
1507,삼성,C808S,토너
1508,삼성,K808S,토너
1509,삼성,R808X,드럼
1510,삼성,R808K,드럼
1511,캐논,NPG-71,토너
1512,캐논,123,토너
1513,삼성,Y806S,토너
1514,삼성,M806S,토너
1515,삼성,C806S,토너
1516,삼성,K806S,토너
1517,삼성,R806X,드럼
1518,삼성,R806K,드럼
1519,삼성,Y808S,토너
1520,삼성,M808S,토너
1521,삼성,C808S,토너
1522,삼성,K808S,토너
1523,삼성,R808X,드럼
1524,삼성,R808K,드럼
1525,캐논,NPG-71,토너
1526,캐논,123,토너
1527,삼성,Y806S,토너
1528,삼성,M806S,토너
1529,삼성,C806S,토너
1530,삼성,K806S,토너
1531,삼성,R806X,드럼
1532,삼성,R806K,드럼
1533,삼성,Y808S,토너
1534,삼성,M808S,토너
1535,삼성,C808S,토너
1536,삼성,K808S,토너
1537,삼성,R808X,드럼
1538,삼성,R808K,드럼
1539,캐논,NPG-71,토너
1540,캐논,123,토너
1541,삼성,Y806S,토너
1542,삼성,M806S,토너
1543,삼성,C806S,토너
1544,삼성,K806S,토너
1545,삼성,R806X,드럼
1546,삼성,R806K,드럼
1547,삼성,Y808S,토너
1548,삼성,M808S,토너
1549,삼성,C808S,토너
1550,삼성,K808S,토너
1551,삼성,R808X,드럼
1552,삼성,R808K,드럼
1553,캐논,NPG-71,토너
1554,캐논,123,토너
1555,삼성,Y806S,토너
1556,삼성,M806S,토너
1557,삼성,C806S,토너
1558,삼성,K806S,토너
1559,삼성,R806X,드럼
1560,삼성,R806K,드럼
1561,삼성,Y808S,토너
1562,삼성,M808S,토너
1563,삼성,C808S,토너
1564,삼성,K808S,토너
1565,삼성,R808X,드럼
1566,삼성,R808K,드럼
1567,캐논,NPG-71,토너
1568,캐논,123,토너
1569,삼성,Y806S,토너
1570,삼성,M806S,토너
1571,삼성,C806S,토너
1572,삼성,K806S,토너
1573,삼성,R806X,드럼
1574,삼성,R806K,드럼
1575,삼성,Y808S,토너
1576,삼성,M808S,토너
1577,삼성,C808S,토너
1578,삼성,K808S,토너
1579,삼성,R808X,드럼
1580,삼성,R808K,드럼
1581,캐논,NPG-71,토너
1582,캐논,123,토너
1583,삼성,Y806S,토너
1584,삼성,M806S,토너
1585,삼성,C806S,토너
1586,삼성,K806S,토너
1587,삼성,R806X,드럼
1588,삼성,R806K,드럼
1589,삼성,Y808S,토너
1590,삼성,M808S,토너
1591,삼성,C808S,토너
1592,삼성,K808S,토너
1593,삼성,R808X,드럼
1594,삼성,R808K,드럼
1595,캐논,NPG-71,토너
1596,캐논,123,토너
1597,삼성,Y806S,토너
1598,삼성,M806S,토너
1599,삼성,C806S,토너
1600,삼성,K806S,토너
1601,삼성,R806X,드럼
1602,삼성,R806K,드럼
1603,삼성,Y808S,토너
1604,삼성,M808S,토너
1605,삼성,C808S,토너
1606,삼성,K808S,토너
1607,삼성,R808X,드럼
1608,삼성,R808K,드럼
1609,캐논,NPG-71,토너
1610,캐논,123,토너
1611,삼성,Y806S,토너
1612,삼성,M806S,토너
1613,삼성,C806S,토너
1614,삼성,K806S,토너
1615,삼성,R806X,드럼
1616,삼성,R806K,드럼
1617,삼성,Y808S,토너
1618,삼성,M808S,토너
1619,삼성,C808S,토너
1620,삼성,K808S,토너
1621,삼성,R808X,드럼
1622,삼성,R808K,드럼
1623,캐논,NPG-71,토너
1624,캐논,123,토너
1625,삼성,Y806S,토너
1626,삼성,M806S,토너
1627,삼성,C806S,토너
1628,삼성,K806S,토너
1629,삼성,R806X,드럼
1630,삼성,R806K,드럼
1631,삼성,Y808S,토너
1632,삼성,M808S,토너
1633,삼성,C808S,토너
1634,삼성,K808S,토너
1635,삼성,R808X,드럼
1636,삼성,R808K,드럼
1637,캐논,NPG-71,토너
1638,캐논,123,토너
1639,삼성,Y806S,토너
1640,삼성,M806S,토너
1641,삼성,C806S,토너
1642,삼성,K806S,토너
1643,삼성,R806X,드럼
1644,삼성,R806K,드럼
1645,삼성,Y808S,토너
1646,삼성,M808S,토너
1647,삼성,C808S,토너
1648,삼성,K808S,토너
1649,삼성,R808X,드럼
1650,삼성,R808K,드럼
1651,캐논,NPG-71,토너
1652,캐논,123,토너
1653,삼성,Y806S,토너
1654,삼성,M806S,토너
1655,삼성,C806S,토너
1656,삼성,K806S,토너
1657,삼성,R806X,드럼
1658,삼성,R806K,드럼
1659,삼성,Y808S,토너
1660,삼성,M808S,토너
1661,삼성,C808S,토너
1662,삼성,K808S,토너
1663,삼성,R808X,드럼
1664,삼성,R808K,드럼
1665,캐논,NPG-71,토너
1666,캐논,123,토너
1667,삼성,Y806S,토너
1668,삼성,M806S,토너
1669,삼성,C806S,토너
1670,삼성,K806S,토너
1671,삼성,R806X,드럼
1672,삼성,R806K,드럼
1673,삼성,Y808S,토너
1674,삼성,M808S,토너
1675,삼성,C808S,토너
1676,삼성,K808S,토너
1677,삼성,R808X,드럼
1678,삼성,R808K,드럼
1679,캐논,NPG-71,토너
1680,캐논,123,토너
1681,삼성,Y806S,토너
1682,삼성,M806S,토너
1683,삼성,C806S,토너
1684,삼성,K806S,토너
1685,삼성,R806X,드럼
1686,삼성,R806K,드럼
1687,삼성,Y808S,토너
1688,삼성,M808S,토너
1689,삼성,C808S,토너
1690,삼성,K808S,토너
1691,삼성,R808X,드럼
1692,삼성,R808K,드럼
1693,캐논,NPG-71,토너
1694,캐논,123,토너
1695,삼성,Y806S,토너
1696,삼성,M806S,토너
1697,삼성,C806S,토너
1698,삼성,K806S,토너
1699,삼성,R806X,드럼
1700,삼성,R806K,드럼
1701,삼성,Y808S,토너
1702,삼성,M808S,토너
1703,삼성,C808S,토너
1704,삼성,K808S,토너
1705,삼성,R808X,드럼
1706,삼성,R808K,드럼
1707,캐논,NPG-71,토너
1708,캐논,123,토너
1709,삼성,Y806S,토너
1710,삼성,M806S,토너
1711,삼성,C806S,토너
1712,삼성,K806S,토너
1713,삼성,R806X,드럼
1714,삼성,R806K,드럼
1715,삼성,Y808S,토너
1716,삼성,M808S,토너
1717,삼성,C808S,토너
1718,삼성,K808S,토너
1719,삼성,R808X,드럼
1720,삼성,R808K,드럼
1721,캐논,NPG-71,토너
1722,캐논,123,토너
1723,삼성,Y806S,토너
1724,삼성,M806S,토너
1725,삼성,C806S,토너
1726,삼성,K806S,토너
1727,삼성,R806X,드럼
1728,삼성,R806K,드럼
1729,삼성,Y808S,토너
1730,삼성,M808S,토너
1731,삼성,C808S,토너
1732,삼성,K808S,토너
1733,삼성,R808X,드럼
1734,삼성,R808K,드럼
1735,캐논,NPG-71,토너
1736,캐논,123,토너
1737,삼성,Y806S,토너
1738,삼성,M806S,토너
1739,삼성,C806S,토너
1740,삼성,K806S,토너
1741,삼성,R806X,드럼
1742,삼성,R806K,드럼
1743,삼성,Y808S,토너
1744,삼성,M808S,토너
1745,삼성,C808S,토너
1746,삼성,K808S,토너
1747,삼성,R808X,드럼
1748,삼성,R808K,드럼
1749,캐논,NPG-71,토너
1750,캐논,123,토너
1751,삼성,Y806S,토너
1752,삼성,M806S,토너
1753,삼성,C806S,토너
1754,삼성,K806S,토너
1755,삼성,R806X,드럼
1756,삼성,R806K,드럼
1757,삼성,Y808S,토너
1758,삼성,M808S,토너
1759,삼성,C808S,토너
1760,삼성,K808S,토너
1761,삼성,R808X,드럼
1762,삼성,R808K,드럼
1763,캐논,NPG-71,토너
1764,캐논,123,토너
1765,삼성,Y806S,토너
1766,삼성,M806S,토너
1767,삼성,C806S,토너
1768,삼성,K806S,토너
1769,삼성,R806X,드럼
1770,삼성,R806K,드럼
1771,삼성,Y808S,토너
1772,삼성,M808S,토너
1773,삼성,C808S,토너
1774,삼성,K808S,토너
1775,삼성,R808X,드럼
1776,삼성,R808K,드럼
1777,캐논,NPG-71,토너
1778,캐논,123,토너
1779,삼성,Y806S,토너
1780,삼성,M806S,토너
1781,삼성,C806S,토너
1782,삼성,K806S,토너
1783,삼성,R806X,드럼
1784,삼성,R806K,드럼
1785,삼성,Y808S,토너
1786,삼성,M808S,토너
1787,삼성,C808S,토너
1788,삼성,K808S,토너
1789,삼성,R808X,드럼
1790,삼성,R808K,드럼
1791,캐논,NPG-71,토너
1792,캐논,123,토너
1793,삼성,Y806S,토너
1794,삼성,M806S,토너
1795,삼성,C806S,토너
1796,삼성,K806S,토너
1797,삼성,R806X,드럼
1798,삼성,R806K,드럼
1799,삼성,Y808S,토너
1800,삼성,M808S,토너
1801,삼성,C808S,토너
1802,삼성,K808S,토너
1803,삼성,R808X,드럼
1804,삼성,R808K,드럼
1805,캐논,NPG-71,토너
1806,캐논,123,토너
1807,삼성,Y806S,토너
1808,삼성,M806S,토너
1809,삼성,C806S,토너
1810,삼성,K806S,토너
1811,삼성,R806X,드럼
1812,삼성,R806K,드럼
1813,삼성,Y808S,토너
1814,삼성,M808S,토너
1815,삼성,C808S,토너
1816,삼성,K808S,토너
1817,삼성,R808X,드럼
1818,삼성,R808K,드럼
1819,캐논,NPG-71,토너
1820,캐논,123,토너
1821,삼성,Y806S,토너
1822,삼성,M806S,토너
1823,삼성,C806S,토너
1824,삼성,K806S,토너
1825,삼성,R806X,드럼
1826,삼성,R806K,드럼
1827,삼성,Y808S,토너
1828,삼성,M808S,토너
1829,삼성,C808S,토너
1830,삼성,K808S,토너
1831,삼성,R808X,드럼
1832,삼성,R808K,드럼
1833,캐논,NPG-71,토너
1834,캐논,123,토너
1835,삼성,Y806S,토너
1836,삼성,M806S,토너
1837,삼성,C806S,토너
1838,삼성,K806S,토너
1839,삼성,R806X,드럼
1840,삼성,R806K,드럼
1841,삼성,Y808S,토너
1842,삼성,M808S,토너
1843,삼성,C808S,토너
1844,삼성,K808S,토너
1845,삼성,R808X,드럼
1846,삼성,R808K,드럼
1847,캐논,NPG-71,토너
1848,캐논,123,토너
1849,삼성,Y806S,토너
1850,삼성,M806S,토너
1851,삼성,C806S,토너
1852,삼성,K806S,토너
1853,삼성,R806X,드럼
1854,삼성,R806K,드럼
1855,삼성,Y808S,토너
1856,삼성,M808S,토너
1857,삼성,C808S,토너
1858,삼성,K808S,토너
1859,삼성,R808X,드럼
1860,삼성,R808K,드럼
1861,캐논,NPG-71,토너
1862,캐논,123,토너
1863,삼성,Y806S,토너
1864,삼성,M806S,토너
1865,삼성,C806S,토너
1866,삼성,K806S,토너
1867,삼성,R806X,드럼
1868,삼성,R806K,드럼
1869,삼성,Y808S,토너
1870,삼성,M808S,토너
1871,삼성,C808S,토너
1872,삼성,K808S,토너
1873,삼성,R808X,드럼
1874,삼성,R808K,드럼
1875,캐논,NPG-71,토너
1876,캐논,123,토너
1877,삼성,Y806S,토너
1878,삼성,M806S,토너
1879,삼성,C806S,토너
1880,삼성,K806S,토너
1881,삼성,R806X,드럼
1882,삼성,R806K,드럼
1883,삼성,Y808S,토너
1884,삼성,M808S,토너
1885,삼성,C808S,토너
1886,삼성,K808S,토너
1887,삼성,R808X,드럼
1888,삼성,R808K,드럼
1889,캐논,NPG-71,토너
1890,캐논,123,토너
1891,삼성,Y806S,토너
1892,삼성,M806S,토너
1893,삼성,C806S,토너
1894,삼성,K806S,토너
1895,삼성,R806X,드럼
1896,삼성,R806K,드럼
1897,삼성,Y808S,토너
1898,삼성,M808S,토너
1899,삼성,C808S,토너
1900,삼성,K808S,토너
1901,삼성,R808X,드럼
1902,삼성,R808K,드럼
1903,캐논,NPG-71,토너
1904,캐논,123,토너
1905,삼성,Y806S,토너
1906,삼성,M806S,토너
1907,삼성,C806S,토너
1908,삼성,K806S,토너
1909,삼성,R806X,드럼
1910,삼성,R806K,드럼
1911,삼성,Y808S,토너
1912,삼성,M808S,토너
1913,삼성,C808S,토너
1914,삼성,K808S,토너
1915,삼성,R808X,드럼
1916,삼성,R808K,드럼
1917,캐논,NPG-71,토너
1918,캐논,123,토너
1919,삼성,Y806S,토너
1920,삼성,M806S,토너
1921,삼성,C806S,토너
1922,삼성,K806S,토너
1923,삼성,R806X,드럼
1924,삼성,R806K,드럼
1925,삼성,Y808S,토너
1926,삼성,M808S,토너
1927,삼성,C808S,토너
1928,삼성,K808S,토너
1929,삼성,R808X,드럼
1930,삼성,R808K,드럼
1931,캐논,NPG-71,토너
1932,캐논,123,토너
1933,삼성,Y806S,토너
1934,삼성,M806S,토너
1935,삼성,C806S,토너
1936,삼성,K806S,토너
1937,삼성,R806X,드럼
1938,삼성,R806K,드럼
1939,삼성,Y808S,토너
1940,삼성,M808S,토너
1941,삼성,C808S,토너
1942,삼성,K808S,토너
1943,삼성,R808X,드럼
1944,삼성,R808K,드럼
1945,캐논,NPG-71,토너
1946,캐논,123,토너
1947,삼성,Y806S,토너
1948,삼성,M806S,토너
1949,삼성,C806S,토너
1950,삼성,K806S,토너
1951,삼성,R806X,드럼
1952,삼성,R806K,드럼
1953,삼성,Y808S,토너
1954,삼성,M808S,토너
1955,삼성,C808S,토너
1956,삼성,K808S,토너
1957,삼성,R808X,드럼
1958,삼성,R808K,드럼
1959,캐논,NPG-71,토너
1960,캐논,123,토너
1961,삼성,Y806S,토너
1962,삼성,M806S,토너
1963,삼성,C806S,토너
1964,삼성,K806S,토너
1965,삼성,R806X,드럼
1966,삼성,R806K,드럼
1967,삼성,Y808S,토너
1968,삼성,M808S,토너
1969,삼성,C808S,토너
1970,삼성,K808S,토너
1971,삼성,R808X,드럼
1972,삼성,R808K,드럼
1973,캐논,NPG-71,토너
1974,캐논,123,토너
1975,삼성,Y806S,토너
1976,삼성,M806S,토너
1977,삼성,C806S,토너
1978,삼성,K806S,토너
1979,삼성,R806X,드럼
1980,삼성,R806K,드럼
1981,삼성,Y808S,토너
1982,삼성,M808S,토너
1983,삼성,C808S,토너
1984,삼성,K808S,토너
1985,삼성,R808X,드럼
1986,삼성,R808K,드럼
1987,캐논,NPG-71,토너
1988,캐논,123,토너
1989,삼성,Y806S,토너
1990,삼성,M806S,토너
1991,삼성,C806S,토너
1992,삼성,K806S,토너
1993,삼성,R806X,드럼
1994,삼성,R806K,드럼
1995,삼성,Y808S,토너
1996,삼성,M808S,토너
1997,삼성,C808S,토너
1998,삼성,K808S,토너
1999,삼성,R808X,드럼
2000,삼성,R808K,드럼
2001,캐논,NPG-71,토너
2002,캐논,123,토너
2003,삼성,Y806S,토너
2004,삼성,M806S,토너
2005,삼성,C806S,토너
2006,삼성,K806S,토너
2007,삼성,R806X,드럼
2008,삼성,R806K,드럼
2009,삼성,Y808S,토너
2010,삼성,M808S,토너
2011,삼성,C808S,토너
2012,삼성,K808S,토너
2013,삼성,R808X,드럼
2014,삼성,R808K,드럼
2015,캐논,NPG-71,토너
2016,캐논,123,토너
2017,삼성,Y806S,토너
2018,삼성,M806S,토너
2019,삼성,C806S,토너
2020,삼성,K806S,토너
2021,삼성,R806X,드럼
2022,삼성,R806K,드럼
2023,삼성,Y808S,토너
2024,삼성,M808S,토너
2025,삼성,C808S,토너
2026,삼성,K808S,토너
2027,삼성,R808X,드럼
2028,삼성,R808K,드럼
2029,캐논,NPG-71,토너
2030,캐논,123,토너
2031,삼성,Y806S,토너
2032,삼성,M806S,토너
2033,삼성,C806S,토너
2034,삼성,K806S,토너
2035,삼성,R806X,드럼
2036,삼성,R806K,드럼
2037,삼성,Y808S,토너
2038,삼성,M808S,토너
2039,삼성,C808S,토너
2040,삼성,K808S,토너
2041,삼성,R808X,드럼
2042,삼성,R808K,드럼
2043,캐논,NPG-71,토너
2044,캐논,123,토너
2045,삼성,Y806S,토너
2046,삼성,M806S,토너
2047,삼성,C806S,토너
2048,삼성,K806S,토너
2049,삼성,R806X,드럼
2050,삼성,R806K,드럼
2051,삼성,Y808S,토너
2052,삼성,M808S,토너
2053,삼성,C808S,토너
2054,삼성,K808S,토너
2055,삼성,R808X,드럼
2056,삼성,R808K,드럼
2057,캐논,NPG-71,토너
2058,캐논,123,토너
2059,삼성,Y806S,토너
2060,삼성,M806S,토너
2061,삼성,C806S,토너
2062,삼성,K806S,토너
2063,삼성,R806X,드럼
2064,삼성,R806K,드럼
2065,삼성,Y808S,토너
2066,삼성,M808S,토너
2067,삼성,C808S,토너
2068,삼성,K808S,토너
2069,삼성,R808X,드럼
2070,삼성,R808K,드럼
2071,캐논,NPG-71,토너
2072,캐논,123,토너
2073,삼성,Y806S,토너
2074,삼성,M806S,토너
2075,삼성,C806S,토너
2076,삼성,K806S,토너
2077,삼성,R806X,드럼
2078,삼성,R806K,드럼
2079,삼성,Y808S,토너
2080,삼성,M808S,토너
2081,삼성,C808S,토너
2082,삼성,K808S,토너
2083,삼성,R808X,드럼
2084,삼성,R808K,드럼
2085,캐논,NPG-71,토너
2086,캐논,123,토너
2087,삼성,Y806S,토너
2088,삼성,M806S,토너
2089,삼성,C806S,토너
2090,삼성,K806S,토너
2091,삼성,R806X,드럼
2092,삼성,R806K,드럼
2093,삼성,Y808S,토너
2094,삼성,M808S,토너
2095,삼성,C808S,토너
2096,삼성,K808S,토너
2097,삼성,R808X,드럼
2098,삼성,R808K,드럼
2099,캐논,NPG-71,토너
2100,캐논,123,토너
2101,삼성,Y806S,토너
2102,삼성,M806S,토너
2103,삼성,C806S,토너
2104,삼성,K806S,토너
2105,삼성,R806X,드럼
2106,삼성,R806K,드럼
2107,삼성,Y808S,토너
2108,삼성,M808S,토너
2109,삼성,C808S,토너
2110,삼성,K808S,토너
2111,삼성,R808X,드럼
2112,삼성,R808K,드럼
2113,캐논,NPG-71,토너
2114,캐논,123,토너
2115,삼성,Y806S,토너
2116,삼성,M806S,토너
2117,삼성,C806S,토너
2118,삼성,K806S,토너
2119,삼성,R806X,드럼
2120,삼성,R806K,드럼
2121,삼성,Y808S,토너
2122,삼성,M808S,토너
2123,삼성,C808S,토너
2124,삼성,K808S,토너
2125,삼성,R808X,드럼
2126,삼성,R808K,드럼
2127,캐논,NPG-71,토너
2128,캐논,123,토너
2129,삼성,Y806S,토너
2130,삼성,M806S,토너
2131,삼성,C806S,토너
2132,삼성,K806S,토너
2133,삼성,R806X,드럼
2134,삼성,R806K,드럼
2135,삼성,Y808S,토너
2136,삼성,M808S,토너
2137,삼성,C808S,토너
2138,삼성,K808S,토너
2139,삼성,R808X,드럼
2140,삼성,R808K,드럼
2141,캐논,NPG-71,토너
2142,캐논,123,토너
2143,삼성,Y806S,토너
2144,삼성,M806S,토너
2145,삼성,C806S,토너
2146,삼성,K806S,토너
2147,삼성,R806X,드럼
2148,삼성,R806K,드럼
2149,삼성,Y808S,토너
2150,삼성,M808S,토너
2151,삼성,C808S,토너
2152,삼성,K808S,토너
2153,삼성,R808X,드럼
2154,삼성,R808K,드럼
2155,캐논,NPG-71,토너
2156,캐논,123,토너
2157,삼성,Y806S,토너
2158,삼성,M806S,토너
2159,삼성,C806S,토너
2160,삼성,K806S,토너
2161,삼성,R806X,드럼
2162,삼성,R806K,드럼
2163,삼성,Y808S,토너
2164,삼성,M808S,토너
2165,삼성,C808S,토너
2166,삼성,K808S,토너
2167,삼성,R808X,드럼
2168,삼성,R808K,드럼
2169,캐논,NPG-71,토너
2170,캐논,123,토너
2171,삼성,Y806S,토너
2172,삼성,M806S,토너
2173,삼성,C806S,토너
2174,삼성,K806S,토너
2175,삼성,R806X,드럼
2176,삼성,R806K,드럼
2177,삼성,Y808S,토너
2178,삼성,M808S,토너
2179,삼성,C808S,토너
2180,삼성,K808S,토너
2181,삼성,R808X,드럼
2182,삼성,R808K,드럼
2183,캐논,NPG-71,토너
2184,캐논,123,토너
2185,삼성,Y806S,토너
2186,삼성,M806S,토너
2187,삼성,C806S,토너
2188,삼성,K806S,토너
2189,삼성,R806X,드럼
2190,삼성,R806K,드럼
2191,삼성,Y808S,토너
2192,삼성,M808S,토너
2193,삼성,C808S,토너
2194,삼성,K808S,토너
2195,삼성,R808X,드럼
2196,삼성,R808K,드럼
2197,캐논,NPG-71,토너
2198,캐논,123,토너
2199,삼성,Y806S,토너
2200,삼성,M806S,토너
2201,삼성,C806S,토너
2202,삼성,K806S,토너
2203,삼성,R806X,드럼
2204,삼성,R806K,드럼
2205,삼성,Y808S,토너
2206,삼성,M808S,토너
2207,삼성,C808S,토너
2208,삼성,K808S,토너
2209,삼성,R808X,드럼
2210,삼성,R808K,드럼
2211,캐논,NPG-71,토너
2212,캐논,123,토너
2213,삼성,Y806S,토너
2214,삼성,M806S,토너
2215,삼성,C806S,토너
2216,삼성,K806S,토너
2217,삼성,R806X,드럼
2218,삼성,R806K,드럼
2219,삼성,Y808S,토너
2220,삼성,M808S,토너
2221,삼성,C808S,토너
2222,삼성,K808S,토너
2223,삼성,R808X,드럼
2224,삼성,R808K,드럼
2225,캐논,NPG-71,토너
2226,캐논,123,토너
2227,삼성,Y806S,토너
2228,삼성,M806S,토너
2229,삼성,C806S,토너
2230,삼성,K806S,토너
2231,삼성,R806X,드럼
2232,삼성,R806K,드럼
2233,삼성,Y808S,토너
2234,삼성,M808S,토너
2235,삼성,C808S,토너
2236,삼성,K808S,토너
2237,삼성,R808X,드럼
2238,삼성,R808K,드럼
2239,캐논,NPG-71,토너
2240,캐논,123,토너
2241,삼성,Y806S,토너
2242,삼성,M806S,토너
2243,삼성,C806S,토너
2244,삼성,K806S,토너
2245,삼성,R806X,드럼
2246,삼성,R806K,드럼
2247,삼성,Y808S,토너
2248,삼성,M808S,토너
2249,삼성,C808S,토너
2250,삼성,K808S,토너
2251,삼성,R808X,드럼
2252,삼성,R808K,드럼
2253,캐논,NPG-71,토너
2254,캐논,123,토너
2255,삼성,Y806S,토너
2256,삼성,M806S,토너
2257,삼성,C806S,토너
2258,삼성,K806S,토너
2259,삼성,R806X,드럼
2260,삼성,R806K,드럼
2261,삼성,Y808S,토너
2262,삼성,M808S,토너
2263,삼성,C808S,토너
2264,삼성,K808S,토너
2265,삼성,R808X,드럼
2266,삼성,R808K,드럼
2267,캐논,NPG-71,토너
2268,캐논,123,토너
2269,삼성,Y806S,토너
2270,삼성,M806S,토너
2271,삼성,C806S,토너
2272,삼성,K806S,토너
2273,삼성,R806X,드럼
2274,삼성,R806K,드럼
2275,삼성,Y808S,토너
2276,삼성,M808S,토너
2277,삼성,C808S,토너
2278,삼성,K808S,토너
2279,삼성,R808X,드럼
2280,삼성,R808K,드럼
2281,캐논,NPG-71,토너
2282,캐논,123,토너
2283,삼성,Y806S,토너
2284,삼성,M806S,토너
2285,삼성,C806S,토너
2286,삼성,K806S,토너
2287,삼성,R806X,드럼
2288,삼성,R806K,드럼
2289,삼성,Y808S,토너
2290,삼성,M808S,토너
2291,삼성,C808S,토너
2292,삼성,K808S,토너
2293,삼성,R808X,드럼
2294,삼성,R808K,드럼
2295,캐논,NPG-71,토너
2296,캐논,123,토너
2297,삼성,Y806S,토너
2298,삼성,M806S,토너
2299,삼성,C806S,토너
2300,삼성,K806S,토너
2301,삼성,R806X,드럼
2302,삼성,R806K,드럼
2303,삼성,Y808S,토너
2304,삼성,M808S,토너
2305,삼성,C808S,토너
2306,삼성,K808S,토너
2307,삼성,R808X,드럼
2308,삼성,R808K,드럼
2309,캐논,NPG-71,토너
2310,캐논,123,토너
2311,삼성,Y806S,토너
2312,삼성,M806S,토너
2313,삼성,C806S,토너
2314,삼성,K806S,토너
2315,삼성,R806X,드럼
2316,삼성,R806K,드럼
2317,삼성,Y808S,토너
2318,삼성,M808S,토너
2319,삼성,C808S,토너
2320,삼성,K808S,토너
2321,삼성,R808X,드럼
2322,삼성,R808K,드럼
2323,캐논,NPG-71,토너
2324,캐논,123,토너
2325,삼성,Y806S,토너
2326,삼성,M806S,토너
2327,삼성,C806S,토너
2328,삼성,K806S,토너
2329,삼성,R806X,드럼
2330,삼성,R806K,드럼
2331,삼성,Y808S,토너
2332,삼성,M808S,토너
2333,삼성,C808S,토너
2334,삼성,K808S,토너
2335,삼성,R808X,드럼
2336,삼성,R808K,드럼
2337,캐논,NPG-71,토너
2338,캐논,123,토너
2339,삼성,Y806S,토너
2340,삼성,M806S,토너
2341,삼성,C806S,토너
2342,삼성,K806S,토너
2343,삼성,R806X,드럼
2344,삼성,R806K,드럼
2345,삼성,Y808S,토너
2346,삼성,M808S,토너
2347,삼성,C808S,토너
2348,삼성,K808S,토너
2349,삼성,R808X,드럼
2350,삼성,R808K,드럼
2351,캐논,NPG-71,토너
2352,캐논,123,토너
2353,삼성,Y806S,토너
2354,삼성,M806S,토너
2355,삼성,C806S,토너
2356,삼성,K806S,토너
2357,삼성,R806X,드럼
2358,삼성,R806K,드럼
2359,삼성,Y808S,토너
2360,삼성,M808S,토너
2361,삼성,C808S,토너
2362,삼성,K808S,토너
2363,삼성,R808X,드럼
2364,삼성,R808K,드럼
2365,캐논,NPG-71,토너
2366,캐논,123,토너
2367,삼성,Y806S,토너
2368,삼성,M806S,토너
2369,삼성,C806S,토너
2370,삼성,K806S,토너
2371,삼성,R806X,드럼
2372,삼성,R806K,드럼
2373,삼성,Y808S,토너
2374,삼성,M808S,토너
2375,삼성,C808S,토너
2376,삼성,K808S,토너
2377,삼성,R808X,드럼
2378,삼성,R808K,드럼
2379,캐논,NPG-71,토너
2380,캐논,123,토너
2381,삼성,Y806S,토너
2382,삼성,M806S,토너
2383,삼성,C806S,토너
2384,삼성,K806S,토너
2385,삼성,R806X,드럼
2386,삼성,R806K,드럼
2387,삼성,Y808S,토너
2388,삼성,M808S,토너
2389,삼성,C808S,토너
2390,삼성,K808S,토너
2391,삼성,R808X,드럼
2392,삼성,R808K,드럼
2393,캐논,NPG-71,토너
2394,캐논,123,토너
2395,삼성,Y806S,토너
2396,삼성,M806S,토너
2397,삼성,C806S,토너
2398,삼성,K806S,토너
2399,삼성,R806X,드럼
2400,삼성,R806K,드럼
2401,삼성,Y808S,토너
2402,삼성,M808S,토너
2403,삼성,C808S,토너
2404,삼성,K808S,토너
2405,삼성,R808X,드럼
2406,삼성,R808K,드럼
2407,캐논,NPG-71,토너
2408,캐논,123,토너
2409,삼성,Y806S,토너
2410,삼성,M806S,토너
2411,삼성,C806S,토너
2412,삼성,K806S,토너
2413,삼성,R806X,드럼
2414,삼성,R806K,드럼
2415,삼성,Y808S,토너
2416,삼성,M808S,토너
2417,삼성,C808S,토너
2418,삼성,K808S,토너
2419,삼성,R808X,드럼
2420,삼성,R808K,드럼
2421,캐논,NPG-71,토너
2422,캐논,123,토너
2423,삼성,Y806S,토너
2424,삼성,M806S,토너
2425,삼성,C806S,토너
2426,삼성,K806S,토너
2427,삼성,R806X,드럼
2428,삼성,R806K,드럼
2429,삼성,Y808S,토너
2430,삼성,M808S,토너
2431,삼성,C808S,토너
2432,삼성,K808S,토너
2433,삼성,R808X,드럼
2434,삼성,R808K,드럼
2435,캐논,NPG-71,토너
2436,캐논,123,토너
2437,삼성,Y806S,토너
2438,삼성,M806S,토너
2439,삼성,C806S,토너
2440,삼성,K806S,토너
2441,삼성,R806X,드럼
2442,삼성,R806K,드럼
2443,삼성,Y808S,토너
2444,삼성,M808S,토너
2445,삼성,C808S,토너
2446,삼성,K808S,토너
2447,삼성,R808X,드럼
2448,삼성,R808K,드럼
2449,캐논,NPG-71,토너
2450,캐논,123,토너
2451,삼성,Y806S,토너
2452,삼성,M806S,토너
2453,삼성,C806S,토너
2454,삼성,K806S,토너
2455,삼성,R806X,드럼
2456,삼성,R806K,드럼
2457,삼성,Y808S,토너
2458,삼성,M808S,토너
2459,삼성,C808S,토너
2460,삼성,K808S,토너
2461,삼성,R808X,드럼
2462,삼성,R808K,드럼
2463,캐논,NPG-71,토너
2464,캐논,123,토너
2465,삼성,Y806S,토너
2466,삼성,M806S,토너
2467,삼성,C806S,토너
2468,삼성,K806S,토너
2469,삼성,R806X,드럼
2470,삼성,R806K,드럼
2471,삼성,Y808S,토너
2472,삼성,M808S,토너
2473,삼성,C808S,토너
2474,삼성,K808S,토너
2475,삼성,R808X,드럼
2476,삼성,R808K,드럼
2477,캐논,NPG-71,토너
2478,캐논,123,토너
2479,삼성,Y806S,토너
2480,삼성,M806S,토너
2481,삼성,C806S,토너
2482,삼성,K806S,토너
2483,삼성,R806X,드럼
2484,삼성,R806K,드럼
2485,삼성,Y808S,토너
2486,삼성,M808S,토너
2487,삼성,C808S,토너
2488,삼성,K808S,토너
2489,삼성,R808X,드럼
2490,삼성,R808K,드럼
2491,캐논,NPG-71,토너
2492,캐논,123,토너
2493,삼성,Y806S,토너
2494,삼성,M806S,토너
2495,삼성,C806S,토너
2496,삼성,K806S,토너
2497,삼성,R806X,드럼
2498,삼성,R806K,드럼
2499,삼성,Y808S,토너
2500,삼성,M808S,토너
2501,삼성,C808S,토너
2502,삼성,K808S,토너
2503,삼성,R808X,드럼
2504,삼성,R808K,드럼
2505,캐논,NPG-71,토너
2506,캐논,123,토너
2507,삼성,Y806S,토너
2508,삼성,M806S,토너
2509,삼성,C806S,토너
2510,삼성,K806S,토너
2511,삼성,R806X,드럼
2512,삼성,R806K,드럼
2513,삼성,Y808S,토너
2514,삼성,M808S,토너
2515,삼성,C808S,토너
2516,삼성,K808S,토너
2517,삼성,R808X,드럼
2518,삼성,R808K,드럼
2519,캐논,NPG-71,토너
2520,캐논,123,토너
2521,삼성,Y806S,토너
2522,삼성,M806S,토너
2523,삼성,C806S,토너
2524,삼성,K806S,토너
2525,삼성,R806X,드럼
2526,삼성,R806K,드럼
2527,삼성,Y808S,토너
2528,삼성,M808S,토너
2529,삼성,C808S,토너
2530,삼성,K808S,토너
2531,삼성,R808X,드럼
2532,삼성,R808K,드럼
2533,캐논,NPG-71,토너
2534,캐논,123,토너
2535,삼성,Y806S,토너
2536,삼성,M806S,토너
2537,삼성,C806S,토너
2538,삼성,K806S,토너
2539,삼성,R806X,드럼
2540,삼성,R806K,드럼
2541,삼성,Y808S,토너
2542,삼성,M808S,토너
2543,삼성,C808S,토너
2544,삼성,K808S,토너
2545,삼성,R808X,드럼
2546,삼성,R808K,드럼
2547,캐논,NPG-71,토너
2548,캐논,123,토너
2549,삼성,Y806S,토너
2550,삼성,M806S,토너
2551,삼성,C806S,토너
2552,삼성,K806S,토너
2553,삼성,R806X,드럼
2554,삼성,R806K,드럼
2555,삼성,Y808S,토너
2556,삼성,M808S,토너
2557,삼성,C808S,토너
2558,삼성,K808S,토너
2559,삼성,R808X,드럼
2560,삼성,R808K,드럼
2561,캐논,NPG-71,토너
2562,캐논,123,토너
2563,삼성,Y806S,토너
2564,삼성,M806S,토너
2565,삼성,C806S,토너
2566,삼성,K806S,토너
2567,삼성,R806X,드럼
2568,삼성,R806K,드럼
2569,삼성,Y808S,토너
2570,삼성,M808S,토너
2571,삼성,C808S,토너
2572,삼성,K808S,토너
2573,삼성,R808X,드럼
2574,삼성,R808K,드럼
2575,캐논,NPG-71,토너
2576,캐논,123,토너
2577,삼성,Y806S,토너
2578,삼성,M806S,토너
2579,삼성,C806S,토너
2580,삼성,K806S,토너
2581,삼성,R806X,드럼
2582,삼성,R806K,드럼
2583,삼성,Y808S,토너
2584,삼성,M808S,토너
2585,삼성,C808S,토너
2586,삼성,K808S,토너
2587,삼성,R808X,드럼
2588,삼성,R808K,드럼
2589,캐논,NPG-71,토너
2590,캐논,123,토너
2591,삼성,Y806S,토너
2592,삼성,M806S,토너
2593,삼성,C806S,토너
2594,삼성,K806S,토너
2595,삼성,R806X,드럼
2596,삼성,R806K,드럼
2597,삼성,Y808S,토너
2598,삼성,M808S,토너
2599,삼성,C808S,토너
2600,삼성,K808S,토너
2601,삼성,R808X,드럼
2602,삼성,R808K,드럼
2603,캐논,NPG-71,토너
2604,캐논,123,토너
2605,삼성,Y806S,토너
2606,삼성,M806S,토너
2607,삼성,C806S,토너
2608,삼성,K806S,토너
2609,삼성,R806X,드럼
2610,삼성,R806K,드럼
2611,삼성,Y808S,토너
2612,삼성,M808S,토너
2613,삼성,C808S,토너
2614,삼성,K808S,토너
2615,삼성,R808X,드럼
2616,삼성,R808K,드럼
2617,캐논,NPG-71,토너
2618,캐논,123,토너
2619,삼성,Y806S,토너
2620,삼성,M806S,토너
2621,삼성,C806S,토너
2622,삼성,K806S,토너
2623,삼성,R806X,드럼
2624,삼성,R806K,드럼
2625,삼성,Y808S,토너
2626,삼성,M808S,토너
2627,삼성,C808S,토너
2628,삼성,K808S,토너
2629,삼성,R808X,드럼
2630,삼성,R808K,드럼
2631,캐논,NPG-71,토너
2632,캐논,123,토너
2633,삼성,Y806S,토너
2634,삼성,M806S,토너
2635,삼성,C806S,토너
2636,삼성,K806S,토너
2637,삼성,R806X,드럼
2638,삼성,R806K,드럼
2639,삼성,Y808S,토너
2640,삼성,M808S,토너
2641,삼성,C808S,토너
2642,삼성,K808S,토너
2643,삼성,R808X,드럼
2644,삼성,R808K,드럼
2645,캐논,NPG-71,토너
2646,캐논,123,토너
2647,삼성,Y806S,토너
2648,삼성,M806S,토너
2649,삼성,C806S,토너
2650,삼성,K806S,토너
2651,삼성,R806X,드럼
2652,삼성,R806K,드럼
2653,삼성,Y808S,토너
2654,삼성,M808S,토너
2655,삼성,C808S,토너
2656,삼성,K808S,토너
2657,삼성,R808X,드럼
2658,삼성,R808K,드럼
2659,캐논,NPG-71,토너
2660,캐논,123,토너
2661,삼성,Y806S,토너
2662,삼성,M806S,토너
2663,삼성,C806S,토너
2664,삼성,K806S,토너
2665,삼성,R806X,드럼
2666,삼성,R806K,드럼
2667,삼성,Y808S,토너
2668,삼성,M808S,토너
2669,삼성,C808S,토너
2670,삼성,K808S,토너
2671,삼성,R808X,드럼
2672,삼성,R808K,드럼
2673,캐논,NPG-71,토너
2674,캐논,123,토너
2675,삼성,Y806S,토너
2676,삼성,M806S,토너
2677,삼성,C806S,토너
2678,삼성,K806S,토너
2679,삼성,R806X,드럼
2680,삼성,R806K,드럼
2681,삼성,Y808S,토너
2682,삼성,M808S,토너
2683,삼성,C808S,토너
2684,삼성,K808S,토너
2685,삼성,R808X,드럼
2686,삼성,R808K,드럼
2687,캐논,NPG-71,토너
2688,캐논,123,토너
